Archetype,Decks,Metagame_Share,Wins,Losses,Winrate,Players
Burn,1,33.33333333333333,4,0,100.0,1
Control,1,33.33333333333333,3,1,75.0,1
Midrange,1,33.33333333333333,3,1,75.0,1
