archetype,winrate_mean,winrate_std,sample_size,total_wins,total_losses,total_matches,unique_players,ci_lower,ci_upper,metagame_share,tier
Midrange,0.5567,0.2448,40,119,93,212,40,0.49402012886165797,0.6264386566842596,0.3252032520325203,Tier 3
Control,0.5007,0.2618,68,175,162,337,68,0.46602817274666636,0.5721127272629153,0.5528455284552846,Tier 3
Aggro,0.5327,0.3073,15,42,34,76,15,0.4410051506448649,0.6591934193482787,0.12195121951219512,Tier 4
