archetype_a,archetype_b,wins,losses,total_matches,winrate,ci_lower,ci_upper
Aggro,Control,4,3,7,0.5714285714285714,0.2504583645276572,0.8417801447485302
Aggro,Midrange,3,4,7,0.42857142857142855,0.15821985525146975,0.7495416354723428
Control,Aggro,4,3,7,0.5714285714285714,0.2504583645276572,0.8417801447485302
Control,Midrange,6,14,20,0.3,0.1454772448676043,0.5189728183535235
Midrange,Aggro,1,6,7,0.14285714285714285,0.02567962434474355,0.5131278292743189
Midrange,Control,10,10,20,0.5,0.2992980081982123,0.7007019918017877
