archetype_a,archetype_b,wins,losses,total_matches,winrate,ci_lower,ci_upper
Aggro,Control,5,2,7,0.7142857142857143,0.35893445183261935,0.9177810759959433
Aggro,Midrange,4,3,7,0.5714285714285714,0.2504583645276572,0.8417801447485302
Control,Aggro,5,2,7,0.7142857142857143,0.35893445183261935,0.9177810759959433
Control,Midrange,10,10,20,0.5,0.2992980081982123,0.7007019918017877
Midrange,Aggro,4,3,7,0.5714285714285714,0.2504583645276572,0.8417801447485302
Midrange,Control,10,10,20,0.5,0.2992980081982123,0.7007019918017877
